HEALTH	0.7959860332257565
TENTAT	0.8055825728949596
WORK	0.8110132828134121
ANX	0.8111684471647727
YOU	0.8210292413944864
DIFFER	0.8553742434797355
DISCREP	0.8692382037337468
THEY	0.8751238940358339
FOCUSFUTURE	0.8915196663317453
INTERROG	0.8989293471898235
COGPROC	0.9000317012729139
QUANT	0.9003896144608834
INSIGHT	0.9057980632031888
RISK	0.9078690597633751
ACHIEV	0.9138133890128686
DEATH	0.9195660245136484
FOCUSPRESENT	0.92356220431515
COMPARE	0.9263502919778454
AUXVERB	0.9301405838991784
ADJ	0.9330358706317945
MONEY	0.9332434957880843
IPRON	0.9473468974396942
ARTICLE	0.9507528412362631
POSEMO	0.9536066254007356
SOCIAL	0.9571523544166695
CAUSE	0.9583198841679269
PREP	0.961438546435143
NEGATE	0.9646182832451764
BIO	0.9700818074264796
DRIVES	0.9751529142187187
POWER	0.98553630069934
SEE	0.9889624501014812
REWARD	0.9932645984556688
CONJ	0.9941114710343588
HEAR	0.9941259674369245
PERCEPT	0.9961915638815015
SPACE	0.9966724259361427
FUNCTION	0.998014004519233
AFFECT	1.005942054582277
VERB	1.0073633032257
AFFILIATION	1.0123034138365152
NEGEMO	1.0149637827169338
ADVERB	1.0244891063244521
CERTAIN	1.0670264044653182
FEEL	1.069538067053073
RELATIV	1.0772507709046015
PRONOUN	1.0809902911716085
RELIG	1.1016018716659848
ASSENT	1.1058051745294315
SAD	1.111442609622524
MOTION	1.1147313092899014
NUMBER	1.123251240900814
NONFLU	1.1346822371433698
WE	1.1514960646135939
PPRON	1.1743292153901252
TIME	1.1760614995095569
LEISURE	1.1907022197071266
INGEST	1.268569982423503
FAMILY	1.3287365916478084
BODY	1.332310541479952
HOME	1.3387387079172697
ANGER	1.352991457094508
FRIEND	1.4228051728743212
FILLER	1.4910379699677137
SHEHE	1.506362829049222
INFORMAL	1.5087378339468138
FOCUSPAST	1.519990107618276
FEMALE	1.553857654748661
SEXUAL	1.575562715003554
MALE	1.6370479733076038
I	1.7324946157824643
NETSPEAK	1.8811274256235888
SWEAR	2.1973744687818817
