liwc-category	%replied2peer	%no-reply2peer	%replied2mhp	%no-reply2mhp
ACHIEV	0.00527404553798308	0.005902323637747891	0.0057561486132914706	0.005902323637747891
ADJ	0.015337229148745598	0.0164626218473583	0.01645366458405768	0.0164626218473583
ADVERB	0.018422749311429534	0.017790702813004183	0.017820998645543228	0.017790702813004183
AFFECT	0.019046761921637685	0.01970723296307811	0.018766894126433915	0.01970723296307811
AFFILIATION	0.005871544147398425	0.0062070147174319735	0.005807657773141953	0.0062070147174319735
ANGER	0.002017864834984888	0.0016389744082751926	0.0014410858130896483	0.0016389744082751926
ANX	0.0018119145330520359	0.0022661883611108744	0.0022500137552870056	0.0022661883611108744
ARTICLE	0.016684028358030876	0.017521675320255135	0.017730857615804882	0.017521675320255135
ASSENT	0.0006320414977721704	0.0006659787212433257	0.0005209449121242026	0.0006659787212433257
AUXVERB	0.027685098067260046	0.02872779457153689	0.030042717482794183	0.02872779457153689
BIO	0.01099714862460488	0.010513780487521234	0.011945442434416547	0.010513780487521234
BODY	0.002403811593004113	0.0016389744082751926	0.0019608600624899763	0.0016389744082751926
CAUSE	0.006159090353179561	0.006223295920163185	0.006718433372316402	0.006223295920163185
CERTAIN	0.005025336741813942	0.0050712070030880015	0.004809082469676909	0.0050712070030880015
COGPROC	0.04681550979421588	0.05089581503313225	0.053163306279317785	0.05089581503313225
COMPARE	0.008699019598141107	0.00928881380583968	0.009448418844391999	0.00928881380583968
CONJ	0.023256139624968794	0.023478269633773727	0.02377030660827401	0.023478269633773727
DEATH	0.00030920553037244145	0.00039307475165351117	0.0003910013497741206	0.00039307475165351117
DIFFER	0.013281647214041367	0.015208969237055087	0.015822677375889264	0.015208969237055087
DISCREP	0.007469852927584475	0.008235187400519914	0.008536472582493675	0.008235187400519914
DRIVES	0.023251284948767294	0.0243590051719954	0.023893226194280845	0.0243590051719954
FAMILY	0.0013081485179887225	0.000972220391663714	0.0010161352443231637	0.000972220391663714
FEEL	0.0026226454587024834	0.002543744102909606	0.0022137232108468924	0.002543744102909606
FEMALE	0.0029774102580428447	0.0019149795593376186	0.0017840899911849097	0.0019149795593376186
FILLER	0.00011875284862129997	6.667540166114786e-05	9.131169246221979e-05	6.667540166114786e-05
FOCUSFUTURE	0.004234211239284936	0.004506791975072704	0.004434470398037032	0.004506791975072704
FOCUSPAST	0.010165505247624896	0.0069668041782217985	0.0064936661293324765	0.0069668041782217985
FOCUSPRESENT	0.03704285988228157	0.039631548629239025	0.039989838647556765	0.039631548629239025
FRIEND	0.0012119885855359405	0.000972220391663714	0.000873314392010461	0.000972220391663714
FUNCTION	0.17996228663464697	0.17975998405992724	0.18050916804512201	0.17975998405992724
HEALTH	0.006210811326557077	0.006914859388555555	0.00843579558824046	0.006914859388555555
HEAR	0.001980521171896429	0.001978553779526155	0.0018578417427890103	0.001978553779526155
HOME	0.0008348175883425034	0.0006450457463031979	0.0006684484153324039	0.0006450457463031979
I	0.015295404246086525	0.010254056539190018	0.008271902806898013	0.010254056539190018
INFORMAL	0.0028743417479186978	0.002124309308738897	0.0018320871628637687	0.002124309308738897
INGEST	0.00200255393311862	0.0016195920240713705	0.0014375738249180244	0.0016195920240713705
INSIGHT	0.009675929824535197	0.010673491333360726	0.010969109722705121	0.010673491333360726
INTERROG	0.005249398720344697	0.005496068864835781	0.005654300956314379	0.005496068864835781
IPRON	0.02100842454367444	0.022002882548178792	0.022167669339289667	0.022002882548178792
LEISURE	0.0025985587960104272	0.0024080674134828515	0.0021598727255486604	0.0024080674134828515
MALE	0.003227799519050963	0.0019855314378395307	0.001767700713050665	0.0019855314378395307
MONEY	0.0012467181922082074	0.0013017209231286889	0.0013111422507395662	0.0013017209231286889
MOTION	0.00542043269728984	0.00517044481021157	0.004943708682922489	0.00517044481021157
NEGATE	0.00411657870055629	0.004339328175551681	0.004553877995872244	0.004339328175551681
NEGEMO	0.01629135974065573	0.015958679858058922	0.016345963613461217	0.015958679858058922
NETSPEAK	0.0006824554429415902	0.000394625342389817	0.00037344140891600145	0.000394625342389817
NONFLU	0.0005046996066405249	0.00047137958383695227	0.00044836382324397664	0.00047137958383695227
NUMBER	0.002045872582301232	0.0019801043702624608	0.001822721861072772	0.0019801043702624608
PERCEPT	0.007308901739673217	0.007297080005054926	0.007039194958658046	0.007297080005054926
POSEMO	0.023792207908603626	0.025407204509738098	0.02435914995838294	0.025407204509738098
POWER	0.006779928752025193	0.006887724050670204	0.007035682970486422	0.006887724050670204
PPRON	0.03702344117747557	0.03223523081706053	0.030831744158685673	0.03223523081706053
PREP	0.04067023659637905	0.0424226119545894	0.04217546595303067	0.0424226119545894
PRONOUN	0.05806342111645976	0.05427687813364697	0.053029850728796075	0.05427687813364697
QUANT	0.007576469085702026	0.008369313499210362	0.008716754641970366	0.008369313499210362
RELATIV	0.03764446629463665	0.03563490100641092	0.03483892266250847	0.03563490100641092
RELIG	0.00042179667458414565	0.00047137958383695227	0.0003184202608938946	0.00047137958383695227
REWARD	0.005701257043715052	0.005894570684066363	0.005683567524411244	0.005894570684066363
RISK	0.0023625468452913656	0.0026150712767796713	0.0027370094484188445	0.0026150712767796713
SAD	0.002483540313697973	0.002242154204698135	0.0022898162878987422	0.002242154204698135
SEE	0.00206846549846975	0.0020335997506650094	0.002130606157451795	0.0020335997506650094
SEXUAL	0.0007435123320912208	0.0005023913985630676	0.00043548653328135593	0.0005023913985630676
SHEHE	0.0046758000553059655	0.0030569896366268137	0.002807249211851321	0.0030569896366268137
SOCIAL	0.037592185166312804	0.03886788269160844	0.03818584739006599	0.03886788269160844
SPACE	0.017472353085828247	0.01730536791254048	0.017352733555993382	0.01730536791254048
SWEAR	0.0008583440960882327	0.0004566489718420475	0.0003593934562295061	0.0004566489718420475
TENTAT	0.01335764156842638	0.015878049139771023	0.016965244194390886	0.015878049139771023
THEY	0.0025740986966874863	0.0030531131597860495	0.002967630005022143	0.0030531131597860495
TIME	0.015195509947324897	0.0135040947224869	0.012852706045419372	0.0135040947224869
VERB	0.05368991801385487	0.052784434549952665	0.05293619771088611	0.052784434549952665
WE	0.0011307661183185419	0.001149763030970724	0.0011097882622331328	0.001149763030970724
WORK	0.006103821731808641	0.007681626507658755	0.007688912770408456	0.007681626507658755
YOU	0.013347558779392497	0.014721308450486924	0.015675173872681063	0.014721308450486924
